summon_time,banner,unit_id
2025-11-22 09:19:41,为艺术，为爱情,3030
2025-11-22 09:19:41,为艺术，为爱情,3018
2025-11-22 09:19:41,为艺术，为爱情,3033
2025-11-22 09:19:41,为艺术，为爱情,3050
2025-11-22 09:19:41,为艺术，为爱情,3118
2025-11-22 09:19:41,为艺术，为爱情,3012
2025-11-22 09:19:41,为艺术，为爱情,3054
2025-11-22 09:19:41,为艺术，为爱情,3006
2025-11-22 09:19:41,为艺术，为爱情,3020
2025-11-22 09:19:41,为艺术，为爱情,3118
2025-11-22 09:19:20,为艺术，为爱情,3036
2025-11-22 09:19:20,为艺术，为爱情,3046
2025-11-22 09:19:20,为艺术，为爱情,3031
2025-11-22 09:19:20,为艺术，为爱情,3040
2025-11-22 09:19:20,为艺术，为爱情,3015
2025-11-22 09:19:20,为艺术，为爱情,3013
2025-11-22 09:19:20,为艺术，为爱情,3042
2025-11-22 09:19:20,为艺术，为爱情,3033
2025-11-22 09:19:20,为艺术，为爱情,3040
2025-11-22 09:19:20,为艺术，为爱情,3054
2025-11-20 06:14:46,殓骨悼词,3030
2025-11-20 06:14:46,殓骨悼词,3031
2025-11-20 06:14:46,殓骨悼词,3058
2025-11-20 06:14:46,殓骨悼词,3014
2025-11-20 06:14:46,殓骨悼词,3128
2025-11-20 06:14:46,殓骨悼词,3016
2025-11-20 06:14:46,殓骨悼词,3033
2025-11-20 06:14:46,殓骨悼词,3036
2025-11-20 06:14:46,殓骨悼词,3015
2025-11-20 06:14:46,殓骨悼词,3049
2025-11-20 06:14:33,殓骨悼词,3034
2025-11-20 06:14:33,殓骨悼词,3103
2025-11-20 06:14:33,殓骨悼词,3055
2025-11-20 06:14:33,殓骨悼词,3045
2025-11-20 06:14:33,殓骨悼词,3042
2025-11-20 06:14:33,殓骨悼词,3013
2025-11-20 06:14:33,殓骨悼词,3026
2025-11-20 06:14:33,殓骨悼词,3012
2025-11-20 06:14:33,殓骨悼词,3031
2025-11-20 06:14:33,殓骨悼词,3042
2025-11-20 06:14:21,殓骨悼词,3030
2025-11-20 06:14:21,殓骨悼词,3040
2025-11-20 06:14:21,殓骨悼词,3028
2025-11-20 06:14:21,殓骨悼词,3050
2025-11-20 06:14:21,殓骨悼词,3054
2025-11-20 06:14:21,殓骨悼词,3060
2025-11-20 06:14:21,殓骨悼词,3045
2025-11-20 06:14:21,殓骨悼词,3012
2025-11-20 06:14:21,殓骨悼词,3014
2025-11-20 06:14:21,殓骨悼词,3005
2025-11-20 06:14:13,殓骨悼词,3030
2025-11-20 06:14:13,殓骨悼词,3040
2025-11-20 06:14:13,殓骨悼词,3033
2025-11-20 06:14:13,殓骨悼词,3033
2025-11-20 06:14:13,殓骨悼词,3018
2025-11-20 06:14:13,殓骨悼词,3045
2025-11-20 06:14:13,殓骨悼词,3040
2025-11-20 06:14:13,殓骨悼词,3031
2025-11-20 06:14:13,殓骨悼词,3046
2025-11-20 06:14:13,殓骨悼词,3036
2025-11-20 06:14:01,殓骨悼词,3050
2025-11-20 06:14:01,殓骨悼词,3015
2025-11-20 06:14:01,殓骨悼词,3060
2025-11-20 06:14:01,殓骨悼词,3034
2025-11-20 06:14:01,殓骨悼词,3030
2025-11-20 06:14:01,殓骨悼词,3061
2025-11-20 06:14:01,殓骨悼词,3028
2025-11-20 06:14:01,殓骨悼词,3044
2025-11-20 06:14:01,殓骨悼词,3030
2025-11-20 06:14:01,殓骨悼词,3059
2025-11-20 06:13:52,殓骨悼词,3013
2025-11-20 06:13:52,殓骨悼词,3015
2025-11-20 06:13:52,殓骨悼词,3054
2025-11-20 06:13:52,殓骨悼词,3028
2025-11-20 06:13:52,殓骨悼词,3059
2025-11-20 06:13:52,殓骨悼词,3031
2025-11-20 06:13:52,殓骨悼词,3034
2025-11-20 06:13:52,殓骨悼词,3014
2025-11-20 06:13:52,殓骨悼词,3033
2025-11-20 06:13:52,殓骨悼词,3043
2025-11-16 06:04:18,石心瓦解时,3058
2025-11-14 22:19:25,为什么故事集,3053
2025-11-14 22:19:17,为什么故事集,3026
2025-11-14 22:18:47,为什么故事集,3055
2025-11-14 22:18:08,为什么故事集,3013
2025-11-14 21:59:26,为什么故事集,3031
2025-11-14 21:51:42,为什么故事集,3035
2025-11-14 06:28:34,为什么故事集,3096
2025-11-13 10:47:22,为什么故事集,3040
2025-11-12 05:36:30,为什么故事集,3054
2025-11-11 23:14:31,为什么故事集,3054
2025-11-11 23:14:23,为什么故事集,3012
2025-11-11 23:14:12,为什么故事集,3112
2025-11-11 23:14:06,为什么故事集,3006
2025-11-11 04:12:24,为什么故事集,3055
2025-11-10 06:35:26,为什么故事集,3005
2025-11-08 03:24:04,为什么故事集,3044
2025-11-07 05:07:13,为什么故事集,3015
2025-11-07 05:07:03,为什么故事集,3058
2025-11-05 05:53:15,为什么故事集,3006
2025-11-05 05:52:34,为什么故事集,3112
2025-11-05 05:52:23,为什么故事集,3034
2025-11-05 05:52:14,为什么故事集,3050
2025-11-05 05:52:05,为什么故事集,3026
2025-11-05 05:51:53,为什么故事集,3015
2025-11-04 06:37:08,为什么故事集,3034
2025-11-04 06:36:55,为什么故事集,3026
2025-11-04 06:36:30,为什么故事集,3057
2025-11-04 05:17:29,为什么故事集,3026
2025-11-04 05:16:48,为什么故事集,3055
2025-11-03 08:47:47,石心瓦解时,3018
2025-11-03 08:47:47,石心瓦解时,3046
2025-11-03 08:47:47,石心瓦解时,3075
2025-11-03 08:47:47,石心瓦解时,3022
2025-11-03 08:47:47,石心瓦解时,3022
2025-11-03 08:47:47,石心瓦解时,3006
2025-11-03 08:47:47,石心瓦解时,3045
2025-11-03 08:47:47,石心瓦解时,3035
2025-11-03 08:47:47,石心瓦解时,3045
2025-11-03 08:47:47,石心瓦解时,3054
2025-11-02 20:44:13,石心瓦解时,3058
2025-11-02 20:44:06,石心瓦解时,3026
2025-11-02 20:43:54,石心瓦解时,3049
2025-11-02 20:43:44,石心瓦解时,3012
2025-11-02 20:43:37,石心瓦解时,3058
2025-11-02 20:43:30,石心瓦解时,3005
2025-11-02 20:43:23,石心瓦解时,3033
2025-11-02 20:43:16,石心瓦解时,3096
2025-11-02 20:43:07,石心瓦解时,3050
2025-11-02 20:42:59,石心瓦解时,3034
2025-11-02 04:38:42,石心瓦解时,3034
2025-11-02 04:38:42,石心瓦解时,3042
2025-11-02 04:38:42,石心瓦解时,3006
2025-11-02 04:38:42,石心瓦解时,3059
2025-11-02 04:38:42,石心瓦解时,3013
2025-11-02 04:38:42,石心瓦解时,3012
2025-11-02 04:38:42,石心瓦解时,3026
2025-11-02 04:38:42,石心瓦解时,3034
2025-11-02 04:38:42,石心瓦解时,3034
2025-11-02 04:38:42,石心瓦解时,3040
2025-11-01 10:03:24,石心瓦解时,3071
2025-11-01 10:03:24,石心瓦解时,3096
2025-11-01 10:03:24,石心瓦解时,3046
2025-11-01 10:03:24,石心瓦解时,3044
2025-11-01 10:03:24,石心瓦解时,3035
2025-11-01 10:03:24,石心瓦解时,3030
2025-11-01 10:03:24,石心瓦解时,3006
2025-11-01 10:03:24,石心瓦解时,3046
2025-11-01 10:03:24,石心瓦解时,3030
2025-11-01 10:03:24,石心瓦解时,3022
2025-10-01 05:25:52,湖的应许,3057
2025-10-01 05:25:52,湖的应许,3045
2025-10-01 05:25:52,湖的应许,3040
2025-10-01 05:25:52,湖的应许,3109
2025-10-01 05:25:52,湖的应许,3014
2025-10-01 05:25:52,湖的应许,3109
2025-10-01 05:25:52,湖的应许,3018
2025-10-01 05:25:52,湖的应许,3033
2025-10-01 05:25:52,湖的应许,3043
2025-10-01 05:25:52,湖的应许,3013
2025-10-01 05:25:33,湖的应许,3030
2025-10-01 05:25:33,湖的应许,3045
2025-10-01 05:25:33,湖的应许,3040
2025-10-01 05:25:33,湖的应许,3026
2025-10-01 05:25:33,湖的应许,3044
2025-10-01 05:25:33,湖的应许,3050
2025-10-01 05:25:33,湖的应许,3075
2025-10-01 05:25:33,湖的应许,3012
2025-10-01 05:25:33,湖的应许,3030
2025-10-01 05:25:33,湖的应许,3096
2025-10-01 05:25:24,湖的应许,3012
2025-10-01 05:25:24,湖的应许,3045
2025-10-01 05:25:24,湖的应许,3028
2025-10-01 05:25:24,湖的应许,3050
2025-10-01 05:25:24,湖的应许,3045
2025-10-01 05:25:24,湖的应许,3036
2025-10-01 05:25:24,湖的应许,3044
2025-10-01 05:25:24,湖的应许,3018
2025-10-01 05:25:24,湖的应许,3034
2025-10-01 05:25:24,湖的应许,3040
2025-10-01 05:25:04,湖的应许,3057
2025-10-01 05:25:04,湖的应许,3055
2025-10-01 05:25:04,湖的应许,3035
2025-10-01 05:25:04,湖的应许,3012
2025-10-01 05:25:04,湖的应许,3034
2025-10-01 05:25:04,湖的应许,3042
2025-10-01 05:25:04,湖的应许,3071
2025-10-01 05:25:04,湖的应许,3055
2025-10-01 05:25:04,湖的应许,3015
2025-10-01 05:25:04,湖的应许,3040
2025-10-01 05:24:53,湖的应许,3012
2025-10-01 05:24:53,湖的应许,3059
2025-10-01 05:24:53,湖的应许,3045
2025-10-01 05:24:53,湖的应许,3030
2025-10-01 05:24:53,湖的应许,3028
2025-10-01 05:24:53,湖的应许,3014
2025-10-01 05:24:53,湖的应许,3014
2025-10-01 05:24:53,湖的应许,3045
2025-10-01 05:24:53,湖的应许,3054
2025-10-01 05:24:53,湖的应许,3034
2025-10-01 05:24:31,湖的应许,3034
2025-10-01 05:24:31,湖的应许,3028
2025-10-01 05:24:31,湖的应许,3033
2025-10-01 05:24:31,湖的应许,3036
2025-10-01 05:24:31,湖的应许,3038
2025-10-01 05:24:31,湖的应许,3040
2025-10-01 05:24:31,湖的应许,3014
2025-10-01 05:24:31,湖的应许,3027
2025-10-01 05:24:31,湖的应许,3015
2025-10-01 05:24:31,湖的应许,3099
2025-10-01 05:21:03,湖的应许,3050
2025-10-01 05:21:03,湖的应许,3014
2025-10-01 05:21:03,湖的应许,3096
2025-10-01 05:21:03,湖的应许,3014
2025-10-01 05:21:03,湖的应许,3059
2025-10-01 05:21:03,湖的应许,3111
2025-10-01 05:21:03,湖的应许,3036
2025-10-01 05:21:03,湖的应许,3012
2025-10-01 05:21:03,湖的应许,3005
2025-10-01 05:21:03,湖的应许,3005
2025-10-01 05:20:38,湖的应许,3096
2025-10-01 05:20:38,湖的应许,3015
2025-10-01 05:20:38,湖的应许,3034
2025-10-01 05:20:38,湖的应许,3106
2025-10-01 05:20:38,湖的应许,3042
2025-10-01 05:20:38,湖的应许,3028
2025-10-01 05:20:38,湖的应许,3014
2025-10-01 05:20:38,湖的应许,3096
2025-10-01 05:20:38,湖的应许,3071
2025-10-01 05:20:38,湖的应许,3006
2025-10-01 05:09:58,缸中独思,3054
2025-10-01 05:09:58,缸中独思,3035
2025-10-01 05:09:58,缸中独思,3005
2025-10-01 05:09:58,缸中独思,3058
2025-10-01 05:09:58,缸中独思,3036
2025-10-01 05:09:58,缸中独思,3096
2025-10-01 05:09:58,缸中独思,3096
2025-10-01 05:09:58,缸中独思,3086
2025-10-01 05:09:58,缸中独思,3005
2025-10-01 05:09:58,缸中独思,3042
2025-10-01 05:09:35,缸中独思,3044
2025-10-01 05:09:35,缸中独思,3036
2025-10-01 05:09:35,缸中独思,3036
2025-10-01 05:09:35,缸中独思,3050
2025-10-01 05:09:35,缸中独思,3034
2025-10-01 05:09:35,缸中独思,3045
2025-10-01 05:09:35,缸中独思,3046
2025-10-01 05:09:35,缸中独思,3071
2025-10-01 05:09:35,缸中独思,3045
2025-10-01 05:09:35,缸中独思,3106
2025-10-01 05:08:48,缸中独思,3071
2025-10-01 05:08:48,缸中独思,3096
2025-10-01 05:08:48,缸中独思,3026
2025-10-01 05:08:48,缸中独思,3034
2025-10-01 05:08:48,缸中独思,3034
2025-10-01 05:08:48,缸中独思,3042
2025-10-01 05:08:48,缸中独思,3035
2025-10-01 05:08:48,缸中独思,3027
2025-10-01 05:08:48,缸中独思,3030
2025-10-01 05:08:48,缸中独思,3082
2025-09-29 15:46:14,湖的应许,3042
2025-09-29 15:46:14,湖的应许,3076
2025-09-29 15:46:14,湖的应许,3015
2025-09-29 15:46:14,湖的应许,3050
2025-09-29 15:46:14,湖的应许,3055
2025-09-29 15:46:14,湖的应许,3030
2025-09-29 15:46:14,湖的应许,3006
2025-09-29 15:46:14,湖的应许,3040
2025-09-29 15:46:14,湖的应许,3006
2025-09-29 15:46:14,湖的应许,3011
2025-09-20 09:28:32,湖的涟漪,3088
2025-09-20 09:28:32,湖的涟漪,3030
2025-09-20 09:28:32,湖的涟漪,3018
2025-09-20 09:28:32,湖的涟漪,3013
2025-09-20 09:28:32,湖的涟漪,3013
2025-09-20 09:28:32,湖的涟漪,3034
2025-09-20 09:28:32,湖的涟漪,3096
2025-09-20 09:28:32,湖的涟漪,3018
2025-09-20 09:28:32,湖的涟漪,3035
2025-09-20 09:28:32,湖的涟漪,3050
2025-09-20 09:28:09,湖的应许,3034
2025-09-20 09:28:09,湖的应许,3034
2025-09-20 09:28:09,湖的应许,3042
2025-09-20 09:28:09,湖的应许,3012
2025-09-20 09:28:09,湖的应许,3006
2025-09-20 09:28:09,湖的应许,3042
2025-09-20 09:28:09,湖的应许,3012
2025-09-20 09:28:09,湖的应许,3031
2025-09-20 09:28:09,湖的应许,3040
2025-09-20 09:28:09,湖的应许,3050
2025-09-19 09:37:19,神话咫尺之处,3064
2025-09-19 09:37:19,神话咫尺之处,3046
2025-09-19 09:37:19,神话咫尺之处,3045
2025-09-19 09:37:19,神话咫尺之处,3036
2025-09-19 09:37:19,神话咫尺之处,3055
2025-09-19 09:37:19,神话咫尺之处,3026
2025-09-19 09:37:19,神话咫尺之处,3120
2025-09-19 09:37:19,神话咫尺之处,3013
2025-09-19 09:37:19,神话咫尺之处,3042
2025-09-19 09:37:19,神话咫尺之处,3096
2025-09-19 09:37:02,神话咫尺之处,3040
2025-09-19 09:37:02,神话咫尺之处,3027
2025-09-19 09:37:02,神话咫尺之处,3050
2025-09-19 09:37:02,神话咫尺之处,3027
2025-09-19 09:37:02,神话咫尺之处,3005
2025-09-19 09:37:02,神话咫尺之处,3040
2025-09-19 09:37:02,神话咫尺之处,3005
2025-09-19 09:37:02,神话咫尺之处,3055
2025-09-19 09:37:02,神话咫尺之处,3096
2025-09-19 09:37:02,神话咫尺之处,3031
2025-09-19 09:36:27,神话咫尺之处,3034
2025-09-19 09:36:27,神话咫尺之处,3045
2025-09-19 09:36:27,神话咫尺之处,3040
2025-09-19 09:36:27,神话咫尺之处,3006
2025-09-19 09:36:27,神话咫尺之处,3054
2025-09-19 09:36:27,神话咫尺之处,3034
2025-09-19 09:36:27,神话咫尺之处,3030
2025-09-19 09:36:27,神话咫尺之处,3061
2025-09-19 09:36:27,神话咫尺之处,3013
2025-09-19 09:36:27,神话咫尺之处,3044
2025-09-19 09:34:59,神话咫尺之处,3015
2025-09-19 09:34:59,神话咫尺之处,3006
2025-09-19 09:34:59,神话咫尺之处,3022
2025-09-19 09:34:59,神话咫尺之处,3015
2025-09-19 09:34:59,神话咫尺之处,3054
2025-09-19 09:34:59,神话咫尺之处,3006
2025-09-19 09:34:59,神话咫尺之处,3006
2025-09-19 09:34:59,神话咫尺之处,3042
2025-09-19 09:34:59,神话咫尺之处,3096
2025-09-19 09:34:59,神话咫尺之处,3026
2025-09-19 09:31:55,神话咫尺之处,3059
2025-09-19 09:31:55,神话咫尺之处,3045
2025-09-19 09:31:55,神话咫尺之处,3045
2025-09-19 09:31:55,神话咫尺之处,3055
2025-09-19 09:31:55,神话咫尺之处,3028
2025-09-19 09:31:55,神话咫尺之处,3034
2025-09-19 09:31:55,神话咫尺之处,3035
2025-09-19 09:31:55,神话咫尺之处,3046
2025-09-19 09:31:55,神话咫尺之处,3096
2025-09-19 09:31:55,神话咫尺之处,3011
